Equipment,Date
Sand Blast - Annual Service Needed,10/10/2025
Water Check - Pressure Control Unit,5/5/2025
Air Check - Pressure Control Unit,2/2/2025
Air Compressor - Annual Service,2/6/2024
Power Generator - Monthly Servce Needed,6/2/2025
CNC Machine - Part Replacement,17/5/2025
Air Compressor - Annual Service,1/6/2025
Air Compressor - Annual Service,2/7/2025
Power Generator - Monthly Servce Needed,1/5/2025
CNC Machine - Part Replacement,9/9/2028
Air Compressor - Annual Service,6/6/2025
